Rolls per Test,Number of Tests,Mean,std,Median,IQR
401,902,0.16778729451316277,0.0189663261153033,0.16708229426433915,0.027431421446384052
374,408,0.16776764181608472,0.019289877139702715,0.16844919786096257,0.024064171122994638
320,274,0.16492928832116788,0.020783354871885807,0.165625,0.030468750000000017
229,675,0.167252142972667,0.023040852890315936,0.16593886462882096,0.030567685589519666
486,212,0.1657058001397624,0.01638841923481397,0.16563786008230452,0.020576131687242816
63,938,0.16541442447625812,0.04760399026080597,0.15873015873015872,0.06349206349206349
349,528,0.16512003994095684,0.019779980513465086,0.166189111747851,0.02578796561604585
292,366,0.1682760685680066,0.02110582212493692,0.1678082191780822,0.0273972602739726
272,860,0.16540270177838579,0.021670264638460432,0.16544117647058823,0.02941176470588236
255,364,0.1680456798103857,0.024993916655102737,0.16862745098039217,0.03137254901960784
256,781,0.16716849391805377,0.022921328366142853,0.16796875,0.03125
412,595,0.1657012319490903,0.018352909023961226,0.16747572815533981,0.02427184466019419
354,879,0.16657989626115963,0.01952339916528354,0.16666666666666666,0.02824858757062146
115,519,0.16878612716763006,0.03617789489814033,0.16521739130434782,0.052173913043478265
71,416,0.1642741061755146,0.04241619898156795,0.16901408450704225,0.056338028169014065
139,358,0.16673365218439773,0.03397012871386001,0.16546762589928057,0.04316546762589929
105,460,0.16844720496894408,0.03636582164825516,0.17142857142857143,0.047619047619047616
373,969,0.16683958753531045,0.01973864556731676,0.16621983914209115,0.02680965147453085
450,950,0.16699181286549708,0.017395100937032677,0.16666666666666666,0.024444444444444435
422,508,0.16659514124715455,0.018150474333655235,0.16824644549763032,0.026066350710900466
45,277,0.15836341756919373,0.05450801592121611,0.15555555555555556,0.04444444444444445
385,776,0.1666086490828759,0.019148288288717983,0.16623376623376623,0.025974025974025983
91,579,0.1669418664237317,0.037123178059207715,0.16483516483516483,0.043956043956043966
272,780,0.1677319004524887,0.02275378394286535,0.16911764705882354,0.03308823529411767
50,774,0.16855297157622737,0.052214268943944944,0.16,0.06
454,474,0.1655699920072864,0.017385627126104093,0.16519823788546256,0.024229074889867835
232,980,0.16660802251935258,0.024418747975307353,0.16379310344827586,0.030172413793103453
439,453,0.16663398150522707,0.01621370849199596,0.1662870159453303,0.02050113895216399
44,978,0.16174010039040712,0.05723592322836362,0.1590909090909091,0.09090909090909093
485,786,0.16722803703995173,0.01769771323957721,0.1670103092783505,0.02474226804123711
51,441,0.16628873771730918,0.0516677123436027,0.1568627450980392,0.05882352941176469
321,557,0.16654641856406985,0.020228202397016316,0.16510903426791276,0.024922118380062308
370,850,0.16592686804451512,0.01905126492390866,0.16756756756756758,0.02635135135135136
171,285,0.16622550528367702,0.028744399473147938,0.16374269005847952,0.03508771929824561
305,369,0.16812830423386202,0.020560061763053406,0.16721311475409836,0.02950819672131147
443,337,0.16601134696666242,0.01619109197725714,0.16478555304740405,0.02031602708803612
272,455,0.1655785391079509,0.02190772211006277,0.16544117647058823,0.02941176470588236
67,469,0.16529293829360658,0.045852552710026875,0.16417910447761194,0.05970149253731344
204,222,0.16874227168344816,0.02559469250560371,0.1715686274509804,0.034313725490196095
176,932,0.16689426453374953,0.02847489214666743,0.16477272727272727,0.039772727272727265
334,951,0.16677685638187348,0.02080355857275471,0.16766467065868262,0.026946107784431128
457,92,0.16606412329940062,0.01777236989897998,0.16630196936542668,0.024070021881838072
275,198,0.1671808999081726,0.024008337780588005,0.16727272727272727,0.032727272727272744
176,180,0.16511994949494951,0.027861927034049692,0.16477272727272727,0.03409090909090909
17,513,0.16271069831441348,0.08973911796834143,0.17647058823529413,0.11764705882352941
417,988,0.16833415858406392,0.018784742852040317,0.16786570743405277,0.026378896882494007
232,457,0.16553799139817402,0.02403208728102349,0.16379310344827586,0.030172413793103453
175,873,0.16620520373097694,0.028142455817278707,0.1657142857142857,0.03428571428571428
497,129,0.1638357275435559,0.015290221862733523,0.16297786720321933,0.020120724346076452
298,648,0.1669618443947303,0.021893981446892676,0.1644295302013423,0.03020134228187918
212,511,0.1687128456965624,0.02555066017535765,0.1650943396226415,0.033018867924528295
256,605,0.16809788223140495,0.024145292972938714,0.16796875,0.03125
113,410,0.1652277142240449,0.03479012742450776,0.1592920353982301,0.04424778761061948
21,75,0.17523809523809522,0.07625394182096472,0.19047619047619047,0.11904761904761904
313,967,0.1656947642820092,0.02156103319522804,0.16613418530351437,0.028753993610223627
131,919,0.16675111513510368,0.03200919935452961,0.16793893129770993,0.04580152671755727
92,183,0.16298408172962697,0.03691732138551186,0.16304347826086957,0.05434782608695651
85,354,0.16334330342306416,0.040107432080831826,0.16470588235294117,0.05882352941176469
293,308,0.16826603430698994,0.020539517093260257,0.17064846416382254,0.027303754266211594
196,918,0.16855631141345429,0.026589342521218053,0.1683673469387755,0.03061224489795919
48,626,0.16600106496272632,0.055052866117337104,0.16666666666666666,0.08333333333333334
47,301,0.1659008977168304,0.05272842722294444,0.1702127659574468,0.08510638297872342
336,831,0.16574623230760413,0.020016751284649185,0.16666666666666666,0.0267857142857143
136,985,0.1657285756942371,0.033949989794400635,0.16176470588235295,0.0514705882352941
164,284,0.16338886980419096,0.029889690701489877,0.16463414634146342,0.042682926829268275
308,868,0.16658686935184633,0.02115569698317267,0.16558441558441558,0.02922077922077923
332,750,0.16527710843373494,0.021160422672661397,0.16415662650602408,0.03012048192771083
113,651,0.16645596291613993,0.03655581280938934,0.168141592920354,0.05309734513274336
99,292,0.17133665421336655,0.038128578239220876,0.1717171717171717,0.05303030303030301
101,134,0.16218412886064726,0.032944514378159366,0.15841584158415842,0.039603960396039584
401,597,0.16824772240253638,0.0185391569716421,0.16708229426433915,0.022443890274314204
241,539,0.16693738981824344,0.024504425556933968,0.16597510373443983,0.03319502074688796
59,854,0.166494661215417,0.048443069801209125,0.1694915254237288,0.06779661016949154
326,71,0.16940292059103085,0.02295031785914675,0.1687116564417178,0.027607361963190163
418,282,0.1653517255420951,0.017527543493771922,0.16507177033492823,0.02392344497607657
291,729,0.16777678786078937,0.022370076787864873,0.16494845360824742,0.030927835051546393
259,110,0.16542646542646544,0.022777759346830472,0.16216216216216217,0.030888030888030882
358,315,0.16552274541101358,0.019979868964769994,0.164804469273743,0.027932960893854747
289,60,0.16805074971164938,0.021667703537536796,0.16608996539792387,0.02854671280276816
437,444,0.1670429010245944,0.018410385700887356,0.16475972540045766,0.027459954233409606
465,924,0.16568449471675278,0.01702741957243781,0.16559139784946236,0.021505376344086002
376,504,0.16603871158392436,0.018121004128947155,0.16489361702127658,0.02393617021276595
161,876,0.16730480161093622,0.029569955723143946,0.16770186335403728,0.038819875776397506
441,321,0.167200005651274,0.017795804875173047,0.16780045351473924,0.022675736961451254
24,167,0.17265469061876249,0.07537821152964082,0.16666666666666666,0.08333333333333334
168,606,0.1674917491749175,0.029864232029476027,0.16666666666666666,0.035714285714285726
57,215,0.16507547939616482,0.048923963632757014,0.15789473684210525,0.05263157894736842
347,257,0.16646295652563944,0.018948340644028012,0.16714697406340057,0.025936599423631135
401,579,0.1661433635255557,0.018809515940294015,0.16708229426433915,0.027431421446384052
206,808,0.1671032394501586,0.026994101986447916,0.1650485436893204,0.03883495145631069
68,278,0.16731908590774439,0.044340508892041615,0.16176470588235295,0.05882352941176469
72,918,0.16922355361897845,0.045207531182363814,0.16666666666666666,0.05555555555555555
151,652,0.16716775687644742,0.028824569331968718,0.16556291390728478,0.03973509933774835
236,854,0.16838506728059383,0.023616613021884843,0.1694915254237288,0.033898305084745756
219,993,0.1668575002184239,0.025425033289228245,0.1643835616438356,0.0319634703196347
218,534,0.16536095935126963,0.02494445604658511,0.1651376146788991,0.03669724770642202
355,430,0.16736980019652803,0.018999818037850877,0.16619718309859155,0.02535211267605636
105,60,0.16428571428571423,0.03940697974864418,0.1619047619047619,0.05952380952380951
388,869,0.16727664218855656,0.018712765049061966,0.16752577319587628,0.02577319587628865
163,969,0.1667394759001437,0.027382647673063577,0.1656441717791411,0.03680981595092023
161,658,0.16783401612263776,0.029860218126134895,0.16770186335403728,0.0372670807453416
262,930,0.16613724041697445,0.022720077479670604,0.16412213740458015,0.030534351145038163
399,541,0.1655942073297847,0.018455691235849083,0.16541353383458646,0.02506265664160401
320,121,0.1672004132231405,0.020427396625294615,0.165625,0.028124999999999983
249,57,0.16599732262382866,0.02370968191395393,0.1646586345381526,0.028112449799196776
130,997,0.1673636293495872,0.031633997671442045,0.16923076923076924,0.038461538461538464
85,504,0.16687675070028013,0.03983350615621029,0.16470588235294117,0.047058823529411764
51,665,0.16517765000737136,0.053724742495068735,0.1568627450980392,0.05882352941176469
316,412,0.167752242841342,0.021859163865959538,0.16772151898734178,0.03164556962025317
483,882,0.16618545278704996,0.017272542112023396,0.16563146997929606,0.022774327122153215
290,459,0.16511907444970328,0.022251471064579215,0.16551724137931034,0.031034482758620696
58,750,0.16342528735632184,0.047652621763613005,0.15517241379310345,0.051724137931034475
319,577,0.16741007155158832,0.02098179024740648,0.16614420062695925,0.028213166144200635
282,495,0.1674475248943334,0.02236000264543038,0.16666666666666666,0.03191489361702127
489,599,0.16676055183997868,0.01782281131767805,0.1656441717791411,0.022494887525562363
404,271,0.16617953308245956,0.0187932368897963,0.16584158415841585,0.024752475247524747
23,172,0.1635490394337715,0.07740990166529274,0.17391304347826086,0.08695652173913043
97,258,0.16594741468872373,0.038694156226972455,0.16494845360824742,0.061855670103092786
319,859,0.1663193696833454,0.02082228715313006,0.16614420062695925,0.028213166144200635
211,200,0.16085308056872039,0.02485166342694015,0.15639810426540285,0.03436018957345974
369,846,0.16562558060568788,0.019161573019954536,0.16531165311653118,0.027100271002710036
200,420,0.16590476190476192,0.025607206504093934,0.165,0.035
118,278,0.16546762589928057,0.034649506888912995,0.16101694915254236,0.0423728813559322
402,307,0.16532160046672176,0.018460946954787515,0.16417910447761194,0.02487562189054726
267,914,0.1660110310689319,0.022372831148266895,0.1647940074906367,0.02996254681647939
464,79,0.17074967263203844,0.017903682354353783,0.17025862068965517,0.023706896551724144
249,389,0.16876761544894234,0.02387060000047565,0.1686746987951807,0.03212851405622488
45,195,0.17071225071225068,0.05689634876941902,0.15555555555555556,0.06666666666666668
265,402,0.16681685910072278,0.02277088664363266,0.1660377358490566,0.03396226415094339
132,201,0.16478214985677675,0.02941155429491132,0.16666666666666666,0.03787878787878787
435,680,0.16673089925625423,0.017341039243688527,0.16551724137931034,0.020689655172413807
388,392,0.1675783715548075,0.01879467875100031,0.16752577319587628,0.028350515463917536
304,482,0.16738097837955887,0.021914090636709748,0.16776315789473684,0.029605263157894746
297,613,0.16765259995276308,0.022681199906533313,0.16835016835016836,0.030303030303030304
58,687,0.170556643075842,0.05190380677584055,0.1724137931034483,0.06896551724137931
257,783,0.1651534803285776,0.023243098099507666,0.16342412451361868,0.0311284046692607
385,724,0.16708760852407262,0.01849124316879907,0.16623376623376623,0.023376623376623384
400,391,0.16588235294117648,0.019469176125766017,0.1675,0.027499999999999997
128,73,0.168236301369863,0.03574486301369863,0.171875,0.0546875
88,656,0.1678561529933481,0.039643094340392364,0.17045454545454544,0.05681818181818182
64,464,0.16510641163793102,0.0428886454497428,0.171875,0.0625
95,561,0.16448072051787221,0.03818764526161773,0.16842105263157894,0.05263157894736842
71,998,0.16442744644218013,0.04327416005748546,0.16901408450704225,0.056338028169014065
190,931,0.16695686584883263,0.027180078862675067,0.16842105263157894,0.0368421052631579
433,964,0.1674221153201154,0.01774762410748897,0.16859122401847576,0.023094688221709014
48,561,0.16837492572786691,0.05644591717542409,0.16666666666666666,0.08333333333333334
351,760,0.16593567251461988,0.019149087373428814,0.16524216524216523,0.025641025641025633
45,975,0.17005128205128206,0.05577112505106137,0.17777777777777778,0.06666666666666668
111,298,0.16657597194509946,0.03708077226624296,0.16216216216216217,0.04504504504504506
44,493,0.16720449935460077,0.057185044253239885,0.1590909090909091,0.0681818181818182
492,161,0.1668939049638944,0.01716596869725489,0.16666666666666666,0.02439024390243902
185,945,0.16690976690976692,0.027559466002801528,0.16756756756756758,0.03783783783783784
223,825,0.1664628346242696,0.02477295032992471,0.16591928251121077,0.0358744394618834
421,225,0.16665083135391923,0.01814663277404525,0.166270783847981,0.02375296912114014
415,191,0.16608843751971236,0.019001510206638237,0.16626506024096385,0.026506024096385555
458,713,0.16732607776967975,0.017458287398430146,0.16593886462882096,0.024017467248908297
394,616,0.16741380446964202,0.017853710574055423,0.16751269035532995,0.025380710659898498
182,940,0.16641337386018235,0.02790773288936963,0.16483516483516483,0.038461538461538464
415,371,0.1673627123047446,0.018575050763602177,0.16626506024096385,0.02168674698795181
241,501,0.16787172542881043,0.023375834681224453,0.16597510373443983,0.02904564315352695
436,474,0.16764409863353077,0.017593325588954656,0.16743119266055045,0.022935779816513763
293,770,0.1654713886795798,0.02071515626538422,0.16382252559726962,0.03071672354948804
493,823,0.16674512432869407,0.016466988813460506,0.1663286004056795,0.022312373225152116
31,368,0.16926718092566617,0.06435150109383668,0.16129032258064516,0.0967741935483871
164,239,0.1669302990101031,0.02943669445930307,0.16463414634146342,0.03658536585365854
206,113,0.16736833061259557,0.026955336960144103,0.16990291262135923,0.04368932038834952
157,276,0.1644512138835041,0.029190752132849756,0.16560509554140126,0.03821656050955413
56,382,0.16436050860134627,0.04685589282220251,0.16071428571428573,0.06696428571428573
362,889,0.1661964215798992,0.019127769878989953,0.16574585635359115,0.024861878453038694
480,497,0.16681338028169015,0.017272010822601304,0.16666666666666666,0.024999999999999994
347,591,0.16681539129205128,0.020444559407070368,0.1642651296829971,0.028818443804034588
421,575,0.1671961169059176,0.018811062505140898,0.166270783847981,0.02612826603325416
311,643,0.16698254264325682,0.02075450058322527,0.16720257234726688,0.025723472668810282
129,553,0.16644938811556415,0.03331840827180511,0.16279069767441862,0.038759689922480606
296,863,0.167587923961041,0.022405509811318097,0.16891891891891891,0.0304054054054054
484,969,0.16603979564857696,0.01657419079781027,0.1652892561983471,0.022727272727272707
15,549,0.16672738312082575,0.0971252253949893,0.13333333333333333,0.13333333333333336
269,171,0.16817756907758866,0.023701651435608387,0.16728624535315986,0.03345724907063197
76,524,0.1684160305343511,0.04296822421531259,0.17105263157894737,0.05263157894736842
110,125,0.17025454545454552,0.03574706368337785,0.17272727272727273,0.054545454545454564
343,173,0.167191897403057,0.021287439355470946,0.1661807580174927,0.029154518950437303
80,559,0.16715116279069767,0.04174539441446988,0.1625,0.04999999999999999
459,806,0.16680452164323134,0.01710593212847808,0.1655773420479303,0.023965141612200452
135,828,0.1654142064770084,0.03242467244769005,0.16296296296296298,0.044444444444444425
378,364,0.16694284551427407,0.019098161042757886,0.16666666666666666,0.023809523809523808
268,295,0.16749304325828487,0.02187120360715052,0.16791044776119404,0.02985074626865672
26,837,0.16372576049995405,0.07136640282005066,0.15384615384615385,0.07692307692307693
495,639,0.1669654289372599,0.016883275952596463,0.16767676767676767,0.02121212121212121
497,393,0.16535344381812503,0.017471455506124355,0.16498993963782696,0.024144869215291742
442,533,0.16597760478126883,0.01755249465356693,0.167420814479638,0.024886877828054293
285,207,0.1671497584541063,0.022343435506325126,0.16842105263157894,0.03157894736842107
270,897,0.16638589537140258,0.023085230166823116,0.16666666666666666,0.033333333333333354
120,550,0.1682121212121212,0.03306536920941614,0.16666666666666666,0.05000000000000002
329,702,0.1661903895946449,0.02075229167768682,0.1641337386018237,0.027355623100303955
331,601,0.16717856945373016,0.0200703595007012,0.1661631419939577,0.027190332326283984
314,182,0.16696997270245678,0.020940285748911876,0.16878980891719744,0.0286624203821656
386,867,0.16654714308765264,0.01815145935534023,0.16580310880829016,0.025906735751295346
305,937,0.16641181307626363,0.020540305623309493,0.16721311475409836,0.02622950819672132
63,704,0.16844787157287155,0.0470867272865459,0.15873015873015872,0.047619047619047616
414,399,0.16712675408327582,0.017410364916990467,0.16666666666666666,0.021739130434782594
105,662,0.16643648395914257,0.037746775750390045,0.1619047619047619,0.047619047619047616
492,123,0.166931059554498,0.016637823184959214,0.16666666666666666,0.025406504065040664
117,419,0.16567733512840913,0.03488752632998887,0.1623931623931624,0.04273504273504272
434,561,0.16557414754758207,0.016916824244361927,0.16589861751152074,0.02304147465437789
368,526,0.16791515126467188,0.019026318936070798,0.16576086956521738,0.02717391304347827
342,316,0.16475127692649347,0.020472727847012907,0.16520467836257308,0.029239766081871343
409,989,0.165819120348281,0.01943776026576752,0.16625916870415647,0.02444987775061125
259,460,0.16645123384253818,0.023617217725808392,0.16602316602316602,0.0357142857142857
298,658,0.16769853736153895,0.02163643289804119,0.16778523489932887,0.026845637583892606
322,839,0.1678721340844987,0.021195200276418323,0.16770186335403728,0.031055900621118016
309,157,0.16587306495166246,0.019639189543888803,0.1650485436893204,0.022653721682847905
392,965,0.16615734376652214,0.018826818863920215,0.16581632653061223,0.025510204081632654
152,528,0.1662804027113238,0.02988523354683848,0.16447368421052633,0.04605263157894737
272,547,0.1676053876760942,0.023066630231664567,0.16544117647058823,0.03308823529411767
275,293,0.1662550418864412,0.022891237220122852,0.16727272727272727,0.032727272727272744
140,67,0.1615138592750533,0.03446548516711679,0.15714285714285714,0.05000000000000002
83,497,0.16755957431334997,0.04319340207657251,0.1686746987951807,0.048192771084337366
146,51,0.16921837228041903,0.027474177471768443,0.1643835616438356,0.03767123287671231
284,171,0.1676138703566428,0.022153612174569185,0.16549295774647887,0.031690140845070436
166,154,0.16077296197778126,0.02742190392495222,0.15963855421686746,0.030120481927710857
288,923,0.165274768267726,0.0213686929514414,0.16666666666666666,0.03125
313,622,0.16720770882343877,0.021326330507752886,0.16613418530351437,0.028753993610223655
153,842,0.16595252511139055,0.030537295151245224,0.16339869281045752,0.0392156862745098
400,651,0.16733486943164363,0.018078319902086692,0.1675,0.024999999999999994
260,266,0.16785714285714284,0.021941753620193485,0.16923076923076924,0.03076923076923077
201,512,0.16812422263681592,0.02788128095808641,0.1691542288557214,0.039800995024875635
321,704,0.16639673605210986,0.020381106873734428,0.16510903426791276,0.028037383177570097
355,648,0.1686489306207616,0.02052379906831529,0.16619718309859155,0.02535211267605636
412,696,0.16639814194844324,0.01870561196699429,0.1662621359223301,0.024878640776699046
396,248,0.16756272401433692,0.018341248560593465,0.16666666666666666,0.025883838383838398
81,719,0.16547330826422157,0.04320811526453727,0.16049382716049382,0.04938271604938271
168,936,0.16519129019129017,0.028496512050065963,0.16666666666666666,0.041666666666666685
478,179,0.16861457188939014,0.01655649954931839,0.16736401673640167,0.01987447698744768
229,132,0.1657072912531428,0.026158463283174737,0.16593886462882096,0.036026200873362446
286,257,0.1662675845555223,0.021665657423981924,0.16783216783216784,0.031468531468531485
348,252,0.16891306330961503,0.01971594864355311,0.16666666666666666,0.023706896551724144
327,220,0.1670419794273005,0.020662719406666467,0.16819571865443425,0.027522935779816515
438,839,0.1662149438611959,0.018112008990031164,0.16666666666666666,0.02511415525114155
404,973,0.1667599442369725,0.017886454357522237,0.16584158415841585,0.024752475247524747
399,667,0.16819785595923842,0.018866762908169712,0.16791979949874686,0.02756892230576441
362,394,0.16694477942619965,0.019065063201736655,0.1685082872928177,0.029696132596685076
391,904,0.1666760971414345,0.019242178001888464,0.16624040920716113,0.025575447570332477
498,799,0.16604339762051964,0.016092352414315718,0.1646586345381526,0.022088353413654616
230,854,0.16593014967925876,0.02434764843325075,0.16521739130434782,0.030434782608695643
465,94,0.16863417982155116,0.015397614207868393,0.16774193548387098,0.02096774193548387
12,800,0.17354166666666665,0.10649705753629482,0.16666666666666666,0.16666666666666669
56,120,0.18125,0.04926381932572649,0.17857142857142858,0.07589285714285715
189,450,0.16224573780129334,0.026488316633541648,0.164021164021164,0.037037037037037035
365,561,0.1677435108539057,0.018810109701632917,0.16712328767123288,0.024657534246575324
182,542,0.1636186691537245,0.028385377138602282,0.16483516483516483,0.038461538461538464
61,608,0.16870685936151852,0.04603986663426779,0.16393442622950818,0.06557377049180327
213,520,0.16636872517154205,0.02607796967871637,0.1643192488262911,0.03286384976525822
289,310,0.16752985824310748,0.021169589320875034,0.1695501730103806,0.027681660899653987
390,225,0.16704273504273504,0.018928997907817026,0.16666666666666666,0.025641025641025633
372,770,0.1661011031978774,0.019165565895935207,0.16666666666666666,0.02956989247311828
450,652,0.16594410361281528,0.016788481777300465,0.16666666666666666,0.024444444444444463
375,460,0.16616231884057972,0.017601293607344998,0.168,0.023999999999999994
373,195,0.1666185467794047,0.01862647506303834,0.16621983914209115,0.02680965147453085
366,384,0.1674991461748634,0.018589272848376335,0.16666666666666666,0.021857923497267756
428,587,0.16698641914375328,0.018012609669700856,0.16822429906542055,0.021028037383177572
290,923,0.16720215190346324,0.021427014097450847,0.16551724137931034,0.031034482758620696
142,320,0.1677156690140845,0.03157285091132045,0.16901408450704225,0.04225352112676056
298,963,0.16698028392816072,0.021114959992883278,0.16778523489932887,0.03020134228187918
391,200,0.16387468030690538,0.017862463663774496,0.1636828644501279,0.02301790281329924
114,254,0.16611410415803285,0.03278919905550359,0.16666666666666666,0.03508771929824561
37,351,0.16524216524216523,0.05953993300301655,0.16216216216216217,0.08108108108108109
224,760,0.16707001879699246,0.02518808773451155,0.16517857142857142,0.0357142857142857
236,954,0.1667244074903173,0.024308932203561597,0.1652542372881356,0.033898305084745756
114,672,0.16596177944862156,0.036071951749322144,0.16666666666666666,0.05263157894736842
451,979,0.1667885914628484,0.0177413175545311,0.1662971175166297,0.02439024390243902
127,277,0.16543960885755704,0.03252727662386971,0.15748031496062992,0.047244094488188976
330,830,0.16697334793720334,0.01993703198839253,0.16666666666666666,0.02424242424242426
463,454,0.166625436484905,0.01741046130209613,0.16630669546436286,0.02159827213822893
122,353,0.1639576464031951,0.03514322466645667,0.16393442622950818,0.04918032786885246
498,480,0.16680053547523427,0.018263681126278332,0.16666666666666666,0.020080321285140562
361,613,0.16650323326991814,0.019746215665004167,0.16620498614958448,0.02770083102493076
460,899,0.16662958843159068,0.01782990063736202,0.1673913043478261,0.02391304347826087
290,864,0.16704182630906772,0.02137961497688351,0.16551724137931034,0.031034482758620696
326,904,0.16720166675715295,0.020529188497091313,0.1656441717791411,0.02760736196319019
203,127,0.1677979907683953,0.023659118579532994,0.16748768472906403,0.027093596059113295
103,519,0.16748040481134366,0.03768967414421571,0.1650485436893204,0.048543689320388356
235,161,0.16519096075062772,0.023798655298767745,0.16595744680851063,0.03404255319148938
469,832,0.1674927218304084,0.01725465292459297,0.16844349680170576,0.023454157782515972
276,76,0.16924103737604881,0.022356599119585763,0.16666666666666666,0.03351449275362317
277,137,0.16717173048038156,0.02387339065518837,0.16606498194945848,0.032490974729241895
102,824,0.16654768703597947,0.035093327972095016,0.16666666666666666,0.0392156862745098
68,929,0.16668777306401572,0.04565252271238952,0.16176470588235295,0.05882352941176469
40,891,0.16806958473625142,0.05936750128201061,0.175,0.07500000000000001
496,109,0.16528558745190886,0.016179775653741516,0.16733870967741934,0.018145161290322592
417,903,0.16739034021951874,0.018023064941399842,0.16786570743405277,0.025179856115107924
305,366,0.1665412523515184,0.02214823189705509,0.16721311475409836,0.02622950819672132
354,925,0.166602534738128,0.020871641680306627,0.16666666666666666,0.02824858757062146
290,213,0.16962926987210625,0.020405894993779455,0.1724137931034483,0.027586206896551724
77,957,0.16627990609181834,0.043109997396172724,0.16883116883116883,0.051948051948051965
277,872,0.16783277580896233,0.022035497283206428,0.16606498194945848,0.032490974729241895
353,992,0.16714737731883395,0.01952808241834481,0.1671388101983003,0.02266288951841358
367,718,0.16762426662011493,0.01951445581130602,0.16621253405994552,0.026566757493187987
257,89,0.16827700782582083,0.021346304911529498,0.16731517509727625,0.0272373540856031
43,695,0.16600301154425298,0.05621364035285545,0.16279069767441862,0.08139534883720931
95,592,0.16342460881934565,0.03783863579918813,0.1631578947368421,0.05263157894736842
64,159,0.16597877358490565,0.04337635414563566,0.171875,0.046875
136,345,0.16464194373401533,0.032859930161111314,0.16176470588235295,0.0514705882352941
335,938,0.1672564681920886,0.02106759528976511,0.16716417910447762,0.02985074626865672
407,733,0.16602364487766944,0.01829840358679011,0.16461916461916462,0.02457002457002455
434,738,0.16628888639116804,0.01784378369760687,0.16589861751152074,0.02304147465437789
35,807,0.16902106567534078,0.06308516981341965,0.17142857142857143,0.08571428571428573
98,263,0.16761077054395904,0.03832664534797274,0.16326530612244897,0.05102040816326531
260,633,0.16663628630453275,0.023472010130738866,0.16538461538461538,0.03076923076923077
428,493,0.16839017269814788,0.018272355830590486,0.16822429906542055,0.023364485981308414
433,227,0.1660681038955754,0.01849294739754035,0.16859122401847576,0.02540415704387991
227,693,0.16697497314237403,0.024414030339505875,0.16740088105726872,0.030837004405286333
231,578,0.16588774547252055,0.02495919586106514,0.1645021645021645,0.030303030303030304
478,86,0.16678018877104214,0.016257160020702696,0.16736401673640167,0.023012552301255235
126,998,0.16713585901962655,0.03238914235380656,0.16666666666666666,0.047619047619047616
181,382,0.16497931792542883,0.027435131639121865,0.16574585635359115,0.03314917127071823
142,934,0.16669933950598667,0.03113963149549512,0.16901408450704225,0.04225352112676056
244,466,0.1651744881446563,0.02465189672313139,0.16393442622950818,0.03688524590163936
447,739,0.16727060269485639,0.01825171936514479,0.16778523489932887,0.024608501118568243
334,154,0.16601213158099387,0.020732014276986906,0.16766467065868262,0.026946107784431128
112,926,0.1651978556001234,0.034676539957787605,0.16071428571428573,0.04464285714285715
458,420,0.1661676024121439,0.01736603502179449,0.16593886462882096,0.020196506550218346
494,63,0.16836964205385258,0.015744423853846907,0.1680161943319838,0.019230769230769218
147,757,0.16312152337817556,0.030044237352544533,0.16326530612244897,0.04081632653061226
197,761,0.16549157200317507,0.02617755473010144,0.16751269035532995,0.035532994923857864
286,266,0.1659656133340344,0.022690534285573265,0.1660839160839161,0.027972027972027996
99,277,0.16905517266528094,0.03837367332995692,0.1717171717171717,0.0505050505050505
149,927,0.16601869348334455,0.030419382402946612,0.16778523489932887,0.040268456375838924
333,828,0.1682334508421465,0.02065821597289104,0.16816816816816818,0.030030030030030047
287,552,0.1676071807301924,0.022281493777919204,0.1672473867595819,0.027874564459930334
40,452,0.16432522123893806,0.058849011699844196,0.15,0.07500000000000001
128,966,0.16544545807453417,0.032039405291569074,0.1640625,0.046875
485,329,0.1665716165825839,0.016148522698749904,0.16494845360824742,0.022680412371134023
382,384,0.16694617146596857,0.020323679119968862,0.1649214659685864,0.02879581151832461
216,144,0.1684670781893004,0.023398282748033246,0.16898148148148148,0.027777777777777762
443,216,0.16693838307833794,0.017837571351689133,0.1670428893905192,0.022573363431151267
216,985,0.16604624929498024,0.025084160709366598,0.16666666666666666,0.037037037037037035
351,214,0.1667864845434939,0.019999161651115576,0.16809116809116809,0.02777777777777779
67,946,0.16820232873686533,0.04460292573205506,0.16417910447761194,0.05970149253731344
162,465,0.16430373025355102,0.029170103532384934,0.16049382716049382,0.043209876543209874
155,875,0.1662672811059908,0.030358277420888743,0.16774193548387098,0.038709677419354854
498,128,0.16313692269076308,0.01464183276990969,0.16265060240963855,0.01807228915662651
422,868,0.16663572629785747,0.017872326042950453,0.16587677725118483,0.02369668246445497
257,344,0.16762057732331914,0.02244756162603151,0.16731517509727625,0.0311284046692607
379,916,0.16688942401861945,0.019409522068791752,0.1662269129287599,0.026385224274406344
121,658,0.16717325227963525,0.033214175887802344,0.1652892561983471,0.04132231404958678
182,384,0.16592261904761904,0.029472954099279407,0.16483516483516483,0.043956043956043966
68,330,0.1644830659536542,0.042941269888736214,0.16176470588235295,0.05882352941176469
450,483,0.16688750862663904,0.017287118411917303,0.16666666666666666,0.024444444444444435
424,722,0.16656431296712487,0.018978974562781737,0.1650943396226415,0.02594339622641509
147,450,0.16813303099017382,0.03016740896233747,0.16326530612244897,0.047619047619047616
128,304,0.16349712171052633,0.03116768009369139,0.1640625,0.041015625
151,218,0.16522875022783887,0.02798375859818082,0.16556291390728478,0.03973509933774835
294,661,0.1667078329062336,0.02116592091979189,0.16666666666666666,0.0272108843537415
224,191,0.16770287958115182,0.02557596773411346,0.16517857142857142,0.03125
185,786,0.16577951997799326,0.025574033491264105,0.16216216216216217,0.032432432432432434
46,798,0.16631252043151354,0.053046169387011975,0.17391304347826086,0.06521739130434784
169,810,0.1679962013295347,0.028734136499818312,0.16568047337278108,0.041420118343195256
61,137,0.1657293287064736,0.05079626862966992,0.16393442622950818,0.06557377049180327
347,427,0.1666812896084876,0.01866599115933872,0.16714697406340057,0.024495677233429408
325,471,0.1674734607218684,0.020758306018479215,0.16615384615384615,0.027692307692307683
129,415,0.1661903427664145,0.03532187114572727,0.16279069767441862,0.05038759689922481
60,552,0.16636473429951693,0.04726741323315546,0.16666666666666666,0.06666666666666668
391,454,0.16577847381051636,0.019104701278827747,0.16624040920716113,0.02301790281329924
298,546,0.16511787988298054,0.020711373934591035,0.1644295302013423,0.026845637583892606
489,163,0.16662275584327602,0.016671135924967977,0.16768916155419222,0.02044989775051126
23,247,0.1712726632635099,0.08436959365883337,0.17391304347826086,0.08695652173913043
107,560,0.16517022696929237,0.036503327107831864,0.16822429906542055,0.04672897196261683
384,973,0.16665328451524491,0.01862218379366215,0.16666666666666666,0.026041666666666657
442,482,0.1655667373875819,0.0172755882970295,0.16515837104072398,0.022624434389140274
255,95,0.16586171310629513,0.02085117802985172,0.16862745098039217,0.02745098039215685
181,562,0.1671713100410924,0.02694308479465346,0.16574585635359115,0.03314917127071823
360,924,0.16545214045214043,0.01957314978744963,0.1638888888888889,0.024999999999999994
497,785,0.16622537774417204,0.016047491739015634,0.16700201207243462,0.02012072434607648
497,923,0.1673660598477103,0.016585467878805223,0.16700201207243462,0.02213279678068411
17,881,0.16592107898778127,0.09167183317994174,0.17647058823529413,0.11764705882352941
405,314,0.1686482661004954,0.01798759674081969,0.16790123456790124,0.024691358024691357
430,743,0.16549813765689067,0.01799446321365381,0.16511627906976745,0.023255813953488358
290,322,0.1674983936603127,0.022158797261433247,0.16896551724137931,0.031034482758620696
312,768,0.1676181891025641,0.021102639370945763,0.16666666666666666,0.028846153846153827
158,689,0.1658797376495012,0.027582598040539218,0.16455696202531644,0.037974683544303806
41,401,0.16738641201873367,0.06283529113053606,0.17073170731707318,0.07317073170731708
125,918,0.16589106753812638,0.03497719622444182,0.16,0.048000000000000015
441,851,0.1655009046313394,0.01772205423024392,0.1655328798185941,0.022675736961451254
440,211,0.16793408013787162,0.01747081145632295,0.16590909090909092,0.024999999999999994
130,845,0.16597177969959034,0.03162258464253094,0.16923076923076924,0.038461538461538464
241,853,0.16704528318407574,0.024542399060668896,0.16597510373443983,0.03734439834024897
444,911,0.1663279635288417,0.01846044044297631,0.16666666666666666,0.02477477477477477
492,667,0.16582562377347912,0.016846435375004843,0.16463414634146342,0.022357723577235755
338,989,0.1679031476418114,0.02158841102144749,0.16863905325443787,0.029585798816568032
267,698,0.1670744663726216,0.023151245830363987,0.1647940074906367,0.02996254681647939
217,324,0.16820276497695852,0.025664285869959568,0.16589861751152074,0.03225806451612903
276,419,0.16544740756113588,0.02144278144523986,0.16666666666666666,0.0289855072463768
496,387,0.16737517712761527,0.01684598691696198,0.16733870967741934,0.02419354838709678
304,66,0.16871012759170653,0.022910430876646237,0.17105263157894737,0.03207236842105263
428,948,0.1675292795457234,0.01844818179526559,0.16822429906542055,0.025700934579439255
94,338,0.17087372529271055,0.03844279615370771,0.1702127659574468,0.04255319148936171
160,717,0.16676255230125522,0.029496200072718363,0.16875,0.04375000000000001
36,89,0.16260923845193506,0.05763140518144216,0.16666666666666666,0.08333333333333334
57,644,0.16786531546256947,0.05010075984239619,0.15789473684210525,0.05263157894736842
264,905,0.166390423572744,0.02313970426555367,0.16666666666666666,0.030303030303030304
321,713,0.16665574357831633,0.021680792944317955,0.16822429906542055,0.028037383177570097
401,428,0.16634232176567926,0.020212529617847256,0.16458852867830423,0.027431421446384052
260,701,0.16687150224953362,0.023301802156313705,0.16923076923076924,0.03076923076923077
322,279,0.1670451256706516,0.022478331320705244,0.16770186335403728,0.031055900621118016
457,469,0.1658494025651673,0.018106620536528808,0.16630196936542668,0.02625820568927792
400,876,0.16686929223744293,0.018353541704705885,0.1675,0.022499999999999992
297,215,0.1651241093101558,0.021116542570886524,0.16498316498316498,0.03198653198653201
465,487,0.1656355567331258,0.017383807373436116,0.16559139784946236,0.02365591397849462
36,192,0.16869212962962962,0.06182048192453997,0.16666666666666666,0.05555555555555555
231,742,0.16781017724413952,0.024214594798924165,0.16883116883116883,0.034632034632034625
114,679,0.1644575355915562,0.03456699490323698,0.16666666666666666,0.043859649122807015
327,400,0.16582568807339448,0.021515532791373186,0.1651376146788991,0.024464831804281356
235,479,0.16578865544352153,0.024583155687092,0.16595744680851063,0.034042553191489355
309,722,0.16706559449210662,0.02108760848435224,0.1650485436893204,0.029126213592233025
337,648,0.16519214565703189,0.021037800073216574,0.1661721068249258,0.03264094955489616
24,282,0.16932624113475178,0.08697888359156762,0.16666666666666666,0.125
45,380,0.16461988304093567,0.05839277189852198,0.15555555555555556,0.06666666666666668
272,805,0.16729996346364634,0.02279817784619243,0.16544117647058823,0.02941176470588236
370,75,0.16320720720720724,0.01809475550908855,0.16216216216216217,0.021621621621621623
266,933,0.16700916277832847,0.022318044766662763,0.16917293233082706,0.03007518796992481
458,649,0.16680011573061682,0.017118729019306795,0.16593886462882096,0.021834061135371174
131,108,0.16016398077466779,0.033241290501045,0.16030534351145037,0.045801526717557245
173,177,0.16485418503641291,0.030001545019745175,0.1676300578034682,0.046242774566473965
222,242,0.16547539274812,0.025797021620939883,0.16666666666666666,0.03603603603603603
239,845,0.16669059939095343,0.023792866453721438,0.16736401673640167,0.029288702928870286
410,861,0.1664088836010311,0.018643627908107367,0.16585365853658537,0.02439024390243902
440,798,0.1659518113465482,0.01775179227985731,0.16590909090909092,0.022727272727272735
27,470,0.16304176516942473,0.06797159678177407,0.14814814814814814,0.07407407407407407
399,124,0.16692942032500604,0.018170268686573565,0.16666666666666666,0.02506265664160401
306,710,0.1678173616864586,0.020869088122708185,0.16666666666666666,0.02941176470588233
167,848,0.16743870749067902,0.02788294163362567,0.16766467065868262,0.035928143712574856
180,413,0.16875168146354586,0.027192967000249844,0.16666666666666666,0.03888888888888889
234,395,0.1663312777236828,0.024885704259242133,0.16666666666666666,0.034188034188034205
235,247,0.16816263244034801,0.023946020528389778,0.1702127659574468,0.034042553191489355
22,953,0.17184966135648191,0.07870430895158177,0.18181818181818182,0.09090909090909091
168,695,0.1666067146282974,0.029850783268685073,0.16666666666666666,0.041666666666666685
173,470,0.16614192596236627,0.028487810679946813,0.1676300578034682,0.03901734104046242
343,286,0.16769964729148404,0.020528224766094047,0.16909620991253643,0.026239067055393583
291,297,0.16565425156490446,0.021435884602600163,0.16494845360824742,0.027491408934707917
236,777,0.16739196823942584,0.024954142134556316,0.1652542372881356,0.033898305084745756
314,677,0.1662683814882067,0.02092105941305318,0.16560509554140126,0.02547770700636942
181,157,0.1651828131048316,0.026836677332007584,0.16574585635359115,0.03314917127071823
96,889,0.16630343082114735,0.037504034125924776,0.16666666666666666,0.04166666666666666
491,325,0.16451198496005012,0.016607729810780715,0.164969450101833,0.024439918533604887
300,692,0.16717726396917149,0.021578582996848988,0.16666666666666666,0.03
347,511,0.1673387210476153,0.020530174119678758,0.16714697406340057,0.028818443804034588
420,70,0.16639455782312926,0.01842759079613674,0.16666666666666666,0.021428571428571436
351,334,0.16769879045328148,0.018982614495730504,0.16809116809116809,0.025641025641025633
438,783,0.16718568671017103,0.017835826348200426,0.16666666666666666,0.02511415525114155
295,514,0.16612807491921122,0.021866596758156158,0.16610169491525423,0.033898305084745756
216,727,0.16676218859850223,0.024517360346023764,0.16666666666666666,0.037037037037037035
210,866,0.16655669196084902,0.02605969874042885,0.16666666666666666,0.0380952380952381
129,808,0.166705042597283,0.03319029944818553,0.16279069767441862,0.046511627906976744
150,928,0.16492097701149427,0.02946145739508457,0.16666666666666666,0.04000000000000001
147,623,0.16858300302464485,0.0311135356743476,0.17006802721088435,0.040816326530612235
348,469,0.1668382226797049,0.02058359400386501,0.16666666666666666,0.02873563218390804
271,196,0.16821673318774005,0.02184888380317257,0.16974169741697417,0.03321033210332103
260,408,0.16591251885369532,0.023502172954158917,0.16538461538461538,0.03173076923076923
494,926,0.16694721102473747,0.016889966042510626,0.1680161943319838,0.023785425101214563
235,610,0.16779211719567494,0.024088737166708833,0.16595744680851063,0.02978723404255318
466,462,0.16749345075525332,0.017146105007445057,0.16738197424892703,0.02145922746781115
261,290,0.16804069229752938,0.023510180999198625,0.1685823754789272,0.03065134099616859
302,438,0.16666666666666666,0.022386222049910337,0.16556291390728478,0.03311258278145693
291,837,0.1662992113053082,0.021623776334789575,0.16494845360824742,0.027491408934707917
108,494,0.167285200179937,0.03517886005367546,0.16666666666666666,0.04398148148148148
148,258,0.16988791116698093,0.029969268238599755,0.16891891891891891,0.04054054054054054
44,835,0.16706586826347306,0.056136007297929204,0.1590909090909091,0.0681818181818182
66,822,0.16557914915579147,0.047062793503678535,0.16666666666666666,0.06060606060606061
392,942,0.1673084839031154,0.01881134031091323,0.1683673469387755,0.025510204081632654
126,916,0.16778436265335828,0.03306676095627681,0.16666666666666666,0.047619047619047616
367,176,0.1662744612335893,0.01968086109298109,0.16893732970027248,0.022479564032697547
459,595,0.16624741399827905,0.01805788281004935,0.1655773420479303,0.025054466230936823
312,434,0.1667183622828784,0.022538467146997365,0.16666666666666666,0.03205128205128205
358,884,0.16624535503930835,0.01910159617974605,0.164804469273743,0.025139664804469275
321,252,0.16241408297483062,0.020592838672131013,0.16199376947040497,0.025700934579439255
277,657,0.1674716603750776,0.022467225161602954,0.16606498194945848,0.0288808664259928
330,94,0.16798839458413928,0.021443695465748678,0.1696969696969697,0.032575757575757563
424,918,0.16655105438401777,0.01801878407644907,0.1650943396226415,0.02594339622641509
120,867,0.1665513264129181,0.03507995333811367,0.16666666666666666,0.05000000000000002
237,59,0.16384180790960454,0.021767956788221698,0.16033755274261605,0.02742616033755274
417,302,0.1662458112979815,0.01774509441083395,0.16546762589928057,0.026378896882494007
155,897,0.1660157514294962,0.029929077232971477,0.16774193548387098,0.04516129032258065
300,406,0.16637110016420362,0.022672321255571882,0.16666666666666666,0.03
157,69,0.1644050586171882,0.0239865326597053,0.1592356687898089,0.031847133757961776
213,883,0.1668075649062362,0.025362781036065606,0.1643192488262911,0.03521126760563381
148,922,0.16813478337339507,0.03014214000365793,0.16891891891891891,0.04054054054054054
330,997,0.1676939910641014,0.021177011206138734,0.16666666666666666,0.027272727272727282
56,829,0.1670041357918318,0.050275377979765314,0.16071428571428573,0.07142857142857142
154,449,0.165389176525034,0.030478580760221086,0.16233766233766234,0.04545454545454547
253,563,0.16666783675819122,0.022177362484195513,0.16600790513833993,0.031620553359683806
428,58,0.1650418949403803,0.01782397791586457,0.16471962616822428,0.025116822429906538
377,224,0.16412466843501328,0.01892826654667385,0.16180371352785147,0.02122015915119363
494,472,0.16722706374802718,0.015964396192333433,0.1659919028340081,0.020242914979757082
407,845,0.16731750577904422,0.01810792402625103,0.16707616707616707,0.02457002457002458
338,581,0.16758496369247064,0.02006653412612438,0.16568047337278108,0.02662721893491124
138,473,0.16963875356190825,0.03212885039764251,0.16666666666666666,0.043478260869565216
28,139,0.16341212744090441,0.07566792794231161,0.14285714285714285,0.10714285714285714
445,470,0.16625388477169495,0.01727713589368561,0.1662921348314607,0.02247191011235955
495,845,0.16690932998625305,0.01686976704601738,0.16767676767676767,0.022222222222222227
205,533,0.16772067908296345,0.02623246497386059,0.16585365853658537,0.03414634146341464
57,100,0.16999999999999996,0.04463835047384195,0.17543859649122806,0.07017543859649122
380,248,0.16669142614601018,0.018812440290664423,0.16578947368421051,0.02631578947368421
374,583,0.16755946102127114,0.019447396731210535,0.1657754010695187,0.0267379679144385
145,372,0.16690767519466074,0.033573246489744725,0.16551724137931034,0.04310344827586207
362,940,0.16619254731397673,0.019294866923340762,0.16574585635359115,0.027624309392265206
46,523,0.16988112062515587,0.056979746174171605,0.17391304347826086,0.08695652173913043
459,528,0.16709992077639138,0.017664125855688703,0.16775599128540306,0.023965141612200452
427,454,0.16762785131384828,0.017969415198754498,0.1686182669789227,0.02576112412177986
467,623,0.1663258186367683,0.017575296119944347,0.1670235546038544,0.023554603854389733
198,446,0.16745934683154415,0.026205043140011833,0.16666666666666666,0.03535353535353536
309,592,0.16717506341292748,0.022025481006901073,0.16828478964401294,0.029126213592233025
146,351,0.166354447176365,0.030574154365715304,0.1643835616438356,0.0410958904109589
181,775,0.16682944216717166,0.027598054454016623,0.16574585635359115,0.03591160220994474
136,655,0.1671980242478671,0.03282853134511069,0.16911764705882354,0.0514705882352941
427,76,0.16803278688524587,0.018847214038807306,0.16627634660421545,0.02576112412177986
465,740,0.16767509444928796,0.017207985135766973,0.16559139784946236,0.02150537634408603
187,581,0.16676944600403143,0.026817854710674164,0.1657754010695187,0.037433155080213915
161,114,0.16170861937452327,0.028604689772581123,0.16149068322981366,0.04192546583850931
353,388,0.1683362051341958,0.02111838995164127,0.1671388101983003,0.028328611898016998
46,580,0.16656671664167916,0.05494992948472215,0.15217391304347827,0.06521739130434784
188,52,0.1710310965630114,0.03159593437359735,0.1675531914893617,0.03457446808510639
435,754,0.16578554224214154,0.018414366717208284,0.16551724137931034,0.022988505747126436
267,273,0.16530161473981697,0.022019175048682144,0.1647940074906367,0.026217228464419484
496,151,0.16309282204657125,0.01621251944961423,0.16330645161290322,0.022177419354838718
156,829,0.16669759673378493,0.029482422512711815,0.16666666666666666,0.038461538461538464
100,946,0.16561310782241018,0.036816992088016816,0.16,0.04999999999999999
200,257,0.1648249027237354,0.02644406184933972,0.165,0.04000000000000001
103,575,0.16665259603208102,0.03506221451774929,0.1650485436893204,0.048543689320388356
455,687,0.16652110625909752,0.017825221888357837,0.16483516483516483,0.024175824175824173
55,583,0.1695618275378138,0.049067853866354975,0.16363636363636364,0.07272727272727275
323,819,0.1683091590212333,0.0210518005344517,0.16718266253869968,0.02786377708978327
304,616,0.16852144565960356,0.021413294341987993,0.16776315789473684,0.029605263157894718
252,827,0.16734323717395058,0.02351619991374647,0.16666666666666666,0.031746031746031744
92,466,0.1665655905952603,0.03557620205552937,0.16304347826086957,0.043478260869565216
36,792,0.1680345117845118,0.062278097355800706,0.16666666666666666,0.05555555555555555
154,442,0.16837574190515367,0.028309300204775484,0.16883116883116883,0.038961038961038974
179,696,0.1666746933795672,0.02653335426025498,0.16759776536312848,0.03351955307262569
142,846,0.1654346885093064,0.03138151481010679,0.1619718309859155,0.04225352112676056
302,735,0.16662161553363067,0.020588017834908413,0.16556291390728478,0.029801324503311244
15,815,0.16760736196319018,0.09817941175190499,0.13333333333333333,0.13333333333333336
160,853,0.16694021101992967,0.0303749685956836,0.16875,0.04375000000000001
462,634,0.16657448755240553,0.017685037277408132,0.16666666666666666,0.025974025974025983
322,255,0.1669102423578127,0.020289760039708653,0.16770186335403728,0.02795031055900621
237,500,0.16409282700421943,0.023903577365697513,0.16455696202531644,0.03375527426160338
24,832,0.16761818910256412,0.07655427014257618,0.16666666666666666,0.08333333333333334
175,691,0.16609468678933223,0.030700063264862573,0.1657142857142857,0.045714285714285735
276,256,0.16846410778985507,0.02264492311339404,0.16666666666666666,0.03260869565217389
403,434,0.16697922265039852,0.01809140710466962,0.1662531017369727,0.0248138957816377
77,316,0.16624198586223904,0.041983940044240685,0.15584415584415584,0.051948051948051965
158,625,0.16568101265822785,0.03078764810369721,0.16455696202531644,0.044303797468354444
427,525,0.16624958179993307,0.01844764337411104,0.16393442622950818,0.023419203747072598
146,746,0.16633001579198647,0.029876268755433637,0.1643835616438356,0.0410958904109589
201,673,0.16613071344614225,0.026328984821077563,0.16417910447761194,0.03482587064676618
343,264,0.16684336072091174,0.019290882392135132,0.1661807580174927,0.029154518950437303
253,572,0.16765250559716963,0.02416320613797874,0.16600790513833993,0.031620553359683806
251,355,0.16893552550361934,0.024002750286031497,0.17131474103585656,0.03187250996015936
490,715,0.1659911517054374,0.015738193612350845,0.1653061224489796,0.022448979591836726
281,146,0.17016038609662162,0.022185140325396757,0.16725978647686832,0.028469750889679707
150,877,0.16780691752185484,0.03143459087368297,0.16666666666666666,0.04000000000000001
273,337,0.1666721013902023,0.021513192311287677,0.16483516483516483,0.03296703296703296
129,91,0.16892409915665732,0.03024263645855651,0.17054263565891473,0.042635658914728675
232,921,0.1671814744093751,0.02282714778649114,0.16810344827586207,0.03448275862068967
392,420,0.16544582118561715,0.018565091854045656,0.16581632653061223,0.025510204081632654
369,620,0.16653553632310517,0.019644922463524225,0.16531165311653118,0.02439024390243902
140,443,0.16462431473718153,0.031354322372311096,0.16428571428571428,0.04285714285714287
91,968,0.16703750794659883,0.039039598802999634,0.16483516483516483,0.054945054945054944
229,475,0.16724431165249368,0.02411322043988952,0.16593886462882096,0.030567685589519666
253,267,0.16828766413524596,0.02174508610163433,0.16600790513833993,0.027667984189723327
491,296,0.16672400506412727,0.015824379037244006,0.1670061099796334,0.01883910386965379
15,647,0.17166409067490984,0.09842009284956645,0.2,0.13333333333333333
101,497,0.16582664302647568,0.037589359417746576,0.16831683168316833,0.04950495049504949
472,778,0.1665695394536186,0.01652396128744314,0.1673728813559322,0.023305084745762705
124,126,0.17133896569380438,0.034525508663788444,0.1693548387096774,0.04032258064516128
379,436,0.16697126673283147,0.01951727104186482,0.1662269129287599,0.026385224274406344
222,376,0.16471391604370328,0.02291956173406263,0.1644144144144144,0.031531531531531515
422,405,0.16814112690889946,0.016958091610255507,0.16824644549763032,0.021327014218009477
118,934,0.16743185859978948,0.033934386493348255,0.16101694915254236,0.0423728813559322
240,349,0.1667621776504298,0.02412284071892206,0.16666666666666666,0.029166666666666646
225,838,0.16690002651816493,0.024531889462020732,0.16444444444444445,0.031111111111111117
398,81,0.16865190148272227,0.01531838141943743,0.16834170854271358,0.020100502512562818
29,658,0.16502463054187194,0.0707604400722953,0.1724137931034483,0.10344827586206896
100,416,0.1663461538461538,0.035856489926127534,0.17,0.04999999999999999
70,524,0.16319520174482005,0.04311963672060113,0.15714285714285714,0.05714285714285716
190,982,0.16743488048022298,0.027746265940480772,0.16842105263157894,0.0368421052631579
228,88,0.1650219298245614,0.025984023965794696,0.16666666666666666,0.031798245614035076
21,621,0.16862203818725557,0.0790701420733471,0.14285714285714285,0.14285714285714285
211,279,0.16692996313849395,0.026665543309130832,0.16587677725118483,0.037914691943127965
57,991,0.16577265565528349,0.051147718924471695,0.15789473684210525,0.07017543859649122
419,326,0.16496332196143315,0.01834368306620575,0.16467780429594273,0.023866348448687347
401,772,0.16718243251973694,0.01835824512296307,0.16708229426433915,0.02493765586034913
173,192,0.16603444123314065,0.027615810451623816,0.1676300578034682,0.04046242774566472
146,757,0.16648269122889559,0.031085841435150773,0.1643835616438356,0.0410958904109589
336,538,0.16649517613736944,0.020243827219167745,0.16666666666666666,0.029761904761904767
89,859,0.1648376084027678,0.04004249280662916,0.15730337078651685,0.056179775280898875
268,158,0.16507651615341015,0.02270630901041821,0.16417910447761194,0.03358208955223882
126,593,0.16666666666666666,0.03354216525213921,0.16666666666666666,0.047619047619047616
145,317,0.16686609376699665,0.03174341379930189,0.16551724137931034,0.041379310344827586
252,850,0.16557422969187677,0.02350315699112184,0.16666666666666666,0.02777777777777779
402,970,0.16680002051597684,0.018606506502535387,0.16666666666666666,0.02487562189054726
210,532,0.16693519513068383,0.02555231729704101,0.16666666666666666,0.033333333333333326
256,442,0.1677566459276018,0.024700191122322735,0.16796875,0.03125
192,752,0.16726922650709222,0.027747056611507667,0.16666666666666666,0.03125
301,253,0.16654629495883286,0.022985702898487115,0.16611295681063123,0.03322259136212624
247,346,0.16798109101120964,0.02404498610260826,0.1700404858299595,0.036437246963562764
400,66,0.16787878787878788,0.015357127603420237,0.1675,0.021874999999999978
96,818,0.16707416462917687,0.038414679079052584,0.16666666666666666,0.05989583333333334
474,174,0.1672244046752995,0.01893056637640781,0.16877637130801687,0.025316455696202528
428,488,0.16675444308258006,0.017570498253008673,0.1658878504672897,0.021028037383177572
230,364,0.16660296225513618,0.026020213400008176,0.16521739130434782,0.03478260869565217
130,572,0.16741527703066164,0.03171805312203065,0.16923076923076924,0.038461538461538464
56,452,0.16458596713021492,0.04778564829598663,0.16071428571428573,0.07142857142857142
459,319,0.16713449573490144,0.017206249561098994,0.16775599128540306,0.021786492374727684
483,812,0.16593743944354356,0.01686074832312143,0.16563146997929606,0.022774327122153215
318,774,0.1672923471958136,0.02161824558310344,0.16666666666666666,0.02515723270440251
497,539,0.16752462828921583,0.016674078381840686,0.16700201207243462,0.020120724346076452
454,419,0.16710123747542396,0.01739936907357362,0.16740088105726872,0.024229074889867835
224,358,0.1683459696727853,0.0252491703622556,0.16964285714285715,0.03125
449,211,0.16594010914195842,0.016807601851472342,0.16481069042316257,0.02227171492204902
94,638,0.16542719935970118,0.0393158770178055,0.1595744680851064,0.05319148936170212
83,955,0.16632813978426794,0.040915541064396835,0.1686746987951807,0.060240963855421686
83,403,0.16837573619540194,0.0415447877622107,0.1686746987951807,0.060240963855421686
200,444,0.1675337837837838,0.026830486107822932,0.17,0.035
144,886,0.16843804865813897,0.03145559489309503,0.16666666666666666,0.04166666666666666
445,401,0.16721678948695676,0.017574823314712693,0.1662921348314607,0.02247191011235955
194,761,0.16745465136757115,0.027206642435376866,0.16494845360824742,0.036082474226804134
442,720,0.16842634489693314,0.018135212194390526,0.167420814479638,0.024886877828054293
391,861,0.16612456223210387,0.018221261962973724,0.16624040920716113,0.025575447570332477
422,528,0.1676674924601465,0.01790411652162381,0.16587677725118483,0.02369668246445497
106,624,0.16461054668601838,0.036417069436443864,0.16037735849056603,0.047169811320754734
277,544,0.16607161817795713,0.022890489669471104,0.16606498194945848,0.0288808664259928
396,507,0.1660291275675891,0.017873721832612367,0.16666666666666666,0.022727272727272735
93,692,0.1673503636024613,0.0384886627914793,0.16666666666666669,0.05376344086021506
22,920,0.16665019762845845,0.07758822240276099,0.18181818181818182,0.13636363636363635
50,365,0.16323287671232875,0.049073196809961174,0.16,0.08000000000000002
387,816,0.16703083042002329,0.019651911547025978,0.165374677002584,0.028423772609819126
486,815,0.16648741447650786,0.016986303075445217,0.16666666666666666,0.022633744855967086
327,346,0.16641919004436903,0.021032387639464942,0.1651376146788991,0.027522935779816515
102,842,0.16377905081272412,0.03774874196521106,0.16666666666666666,0.04901960784313725
175,194,0.1690721649484536,0.028361557056457064,0.17142857142857143,0.04000000000000001
195,306,0.16504105915870618,0.02624027693560176,0.1641025641025641,0.03589743589743591
410,188,0.16484172288531393,0.019663752266481985,0.16341463414634147,0.029268292682926828
391,255,0.16544807181184495,0.018463933560922945,0.1636828644501279,0.025575447570332477
24,878,0.16733105542900534,0.07590486955956571,0.16666666666666666,0.08333333333333334
211,843,0.16688873522119713,0.025347461727890007,0.16587677725118483,0.03317535545023695
471,134,0.16440092530975695,0.015187645787877225,0.16348195329087048,0.01698513800424628
491,786,0.165764939392526,0.01707350286081365,0.1670061099796334,0.024439918533604887
303,420,0.16641521294986644,0.021289267853223263,0.16501650165016502,0.0297029702970297
245,803,0.16491219152667294,0.023686764760768145,0.16326530612244897,0.03265306122448977
406,695,0.1663855122798313,0.018593499678125874,0.16502463054187191,0.02463054187192118
350,682,0.16660661918726435,0.020165832490699812,0.1657142857142857,0.025714285714285717
277,185,0.16610401014733148,0.022114442484313913,0.16606498194945848,0.02527075812274368
190,174,0.16857229280096794,0.02503494015161206,0.16842105263157894,0.035526315789473684
17,368,0.16368286445012786,0.09444320570106278,0.17647058823529413,0.11764705882352941
416,922,0.16615217754046385,0.018428427020301993,0.1658653846153846,0.024038461538461536
388,948,0.1664845143329418,0.01985159955332771,0.16494845360824742,0.02577319587628868
499,759,0.16837891857496284,0.017100708959084516,0.1683366733466934,0.024048096192384794
28,648,0.16622574955908287,0.0712432547158197,0.17857142857142858,0.10714285714285714
447,453,0.16554315994291108,0.01624652637534942,0.16554809843400448,0.022371364653243853
317,282,0.16598429424793612,0.021744354274264674,0.167192429022082,0.028391167192429012
243,160,0.16635802469135802,0.023390591376469753,0.16872427983539096,0.028806584362139925
414,496,0.16638421380707494,0.01802781593090338,0.16545893719806765,0.024154589371980673
341,84,0.1677489177489178,0.015842627069132014,0.16715542521994134,0.02126099706744869
209,736,0.16612492198876638,0.0252802909113608,0.1674641148325359,0.033492822966507185
213,581,0.16632324064871154,0.025146405524500842,0.1643192488262911,0.03286384976525822
288,109,0.16593399592252805,0.020480324486904376,0.16666666666666666,0.024305555555555552
79,194,0.166383922745661,0.04140772829326722,0.16455696202531644,0.05063291139240508
373,511,0.1665188900489499,0.019172952432853732,0.16621983914209115,0.02680965147453085
415,261,0.16653279785809905,0.01894404710840875,0.16626506024096385,0.02409638554216867
466,993,0.16649162160877212,0.016809380031939537,0.16523605150214593,0.02145922746781115
144,358,0.16581315952824333,0.030936100596264792,0.16666666666666666,0.04166666666666666
310,765,0.16610584018553656,0.021022151775738036,0.16774193548387098,0.02903225806451612
240,698,0.1678605539637058,0.024908646670729437,0.16666666666666666,0.037500000000000006
41,518,0.1655993973067144,0.056564868890830844,0.17073170731707318,0.07317073170731708
294,215,0.16848599905078307,0.021466379149438344,0.16666666666666666,0.0272108843537415
350,649,0.16713185119964782,0.01845183742415733,0.1657142857142857,0.025714285714285717
404,202,0.1681452798745221,0.017125150519158517,0.16831683168316833,0.02165841584158415
178,983,0.16573890978088174,0.027850401437119674,0.16292134831460675,0.033707865168539325
215,801,0.1660772871120402,0.02430024414287077,0.16744186046511628,0.032558139534883734
101,626,0.16646632714389648,0.036546340185440014,0.16831683168316833,0.04950495049504949
373,537,0.16564570321665895,0.018298529576766785,0.16621983914209115,0.024128686327077764
51,240,0.16151960784313726,0.05431323145760545,0.1568627450980392,0.0784313725490196
183,693,0.16772723330100378,0.028739795438944657,0.16393442622950818,0.038251366120218594
154,354,0.16749211240736664,0.030253094884085265,0.16883116883116883,0.038961038961038974
238,789,0.16537793824754238,0.023899621216503002,0.1638655462184874,0.03781512605042017
464,245,0.16649366643209007,0.01747201813120621,0.16594827586206898,0.023706896551724144
223,590,0.166770540396747,0.02434742971765828,0.16591928251121077,0.03475336322869954
418,183,0.1643396867728188,0.017719050483185637,0.16267942583732056,0.022727272727272735
31,987,0.16485276334281138,0.06639232333538872,0.16129032258064516,0.06451612903225806
372,405,0.16565777246780833,0.020106214026296903,0.16666666666666666,0.02419354838709678
456,174,0.16601129259931438,0.0182953553358768,0.16666666666666666,0.02412280701754385
218,841,0.16643576345329392,0.0254320410471715,0.1651376146788991,0.03669724770642202
118,548,0.16676976370159594,0.03494808831531649,0.16101694915254236,0.0423728813559322
474,329,0.16833391045618354,0.01733027162514559,0.16877637130801687,0.025316455696202528
296,397,0.1667063789230036,0.021334237514976616,0.16554054054054054,0.02702702702702703
133,436,0.1641891425812237,0.031365534601337286,0.16541353383458646,0.045112781954887216
487,332,0.166843967244749,0.016411924201851447,0.16837782340862423,0.02053388090349076
167,720,0.16645874916833003,0.02832274721499133,0.16766467065868262,0.041916167664670656
353,866,0.16645840012038027,0.0191336623966267,0.1671388101983003,0.025495750708215276
367,183,0.16729947439734372,0.01992953061696924,0.16621253405994552,0.02997275204359673
32,338,0.16993343195266272,0.06380831251655121,0.15625,0.09375
21,153,0.1711795829442888,0.08769335887466165,0.14285714285714285,0.14285714285714285
80,367,0.1657016348773842,0.04061182560287786,0.1625,0.04999999999999999
359,417,0.1670173610415289,0.01994268111539348,0.1671309192200557,0.027855153203342614
75,413,0.16829701372074252,0.042199801783997,0.17333333333333334,0.06666666666666668
55,483,0.16747600225861098,0.04768629721667623,0.16363636363636364,0.07272727272727275
258,829,0.16663393833983228,0.022968421530275788,0.16666666666666666,0.031007751937984496
104,865,0.1653179190751445,0.03592508724983539,0.16346153846153846,0.0480769230769231
253,272,0.16762090211578703,0.023456922405463744,0.16600790513833993,0.03260869565217392
392,194,0.16706553755522827,0.020737920263286816,0.16709183673469385,0.02997448979591838
257,251,0.16551692064427115,0.0230451565473442,0.16342412451361868,0.035019455252918275
484,307,0.1667833203219641,0.016313620553551032,0.16735537190082644,0.022727272727272707
42,479,0.16646783974550156,0.05888630275761488,0.16666666666666666,0.07142857142857142
293,80,0.16877133105802047,0.018855690059153087,0.16723549488054607,0.024744027303754274
352,936,0.16743456196581197,0.020206229359819434,0.16761363636363635,0.025568181818181823
70,180,0.1679365079365079,0.0462327303597027,0.17142857142857143,0.07142857142857145
12,523,0.16220522625876355,0.10898288843007294,0.16666666666666666,0.16666666666666669
466,351,0.1672780406685986,0.016993859357072427,0.16523605150214593,0.025751072961373384
155,614,0.16809919092150885,0.029475579516598592,0.16774193548387098,0.038709677419354854
188,340,0.16760012515644554,0.026578488659446627,0.16489361702127658,0.03723404255319149
411,306,0.1672550609862761,0.017857077554678396,0.1678832116788321,0.026763990267639898
494,361,0.16410779772785894,0.017253588005567772,0.1659919028340081,0.02429149797570851
332,316,0.16401364953484826,0.019909338880509775,0.16415662650602408,0.027108433734939735
19,958,0.16256455334578618,0.08709650395000874,0.15789473684210525,0.10526315789473684
139,212,0.1699470612189494,0.029989274426339363,0.17266187050359713,0.03597122302158273
132,975,0.16783993783993784,0.034297367029659784,0.16666666666666666,0.04545454545454544
263,482,0.16633008850953726,0.022056721689199307,0.16730038022813687,0.030418250950570352
100,964,0.1662551867219917,0.03948818332711076,0.16,0.04999999999999999
318,97,0.1631978214355184,0.022511661169701318,0.16352201257861634,0.028301886792452824
230,849,0.16679981563988322,0.024845656161931125,0.16521739130434782,0.03478260869565217
107,886,0.16493322925676668,0.035917408320976514,0.16822429906542055,0.04672897196261683
293,814,0.16585605152158053,0.022165110069601385,0.16382252559726962,0.03071672354948804
317,247,0.1671030281357361,0.020515586401066953,0.167192429022082,0.029968454258675087
481,625,0.1665962577962578,0.017121685226016727,0.16632016632016633,0.02286902286902287
76,758,0.16697333703652273,0.041128973925569676,0.17105263157894737,0.05263157894736842
405,736,0.16772678475577027,0.018090950137582155,0.16790123456790124,0.024691358024691357
44,887,0.16785384851901197,0.055838042372120984,0.1590909090909091,0.0681818181818182
87,458,0.16882497615820913,0.0387463966489689,0.1724137931034483,0.057471264367816105
214,864,0.1658013153340256,0.024701953609322792,0.16355140186915887,0.03271028037383178
209,478,0.16839502712658408,0.02584327559277163,0.1674641148325359,0.038277511961722493
113,779,0.16795983050654914,0.03422821184230181,0.168141592920354,0.035398230088495575
372,829,0.16726007497049175,0.019474547031761328,0.16666666666666666,0.02688172043010753
305,728,0.16630336876238516,0.02166739587575138,0.16721311475409836,0.02950819672131147
135,665,0.16579225842383738,0.031199015803340557,0.16296296296296298,0.044444444444444425
153,565,0.16696165191740414,0.029250461099190665,0.16339869281045752,0.0392156862745098
492,583,0.16712337363510854,0.016801881216174187,0.16666666666666666,0.022357723577235755
361,505,0.1650037025863251,0.019603739986175796,0.1634349030470914,0.030470914127423837
82,781,0.1667655601011836,0.04196790102600929,0.15853658536585366,0.06097560975609756
246,469,0.16801012359803771,0.022669566291364185,0.16666666666666666,0.032520325203252015
131,544,0.1670829591378536,0.03426084512583298,0.16412213740458015,0.04580152671755727
268,229,0.16743791957244347,0.020755224231935862,0.16791044776119404,0.02985074626865672
180,593,0.16528948847667227,0.028144071583208842,0.16666666666666666,0.03888888888888889
242,659,0.16607306336924216,0.024435102654275925,0.1652892561983471,0.03305785123966942
287,347,0.16752854230888953,0.023063679374879503,0.1672473867595819,0.03135888501742162
193,388,0.16608354254580418,0.026586695821656327,0.16580310880829016,0.032383419689119175
246,132,0.16638950480413897,0.02355042386957607,0.16666666666666666,0.032520325203252015
155,533,0.16595049325183078,0.030778771814031637,0.16774193548387098,0.04516129032258065
313,356,0.16526366801881034,0.0203367759785041,0.16293929712460065,0.028753993610223627
334,888,0.16688919458380536,0.02013675415226742,0.16766467065868262,0.026946107784431128
311,706,0.16616871464616562,0.020709393679117276,0.1639871382636656,0.02893890675241159
404,724,0.16541764673704937,0.018139608420682928,0.16584158415841585,0.024752475247524747
216,521,0.1660179853557973,0.024358567824164772,0.16666666666666666,0.03240740740740741
178,896,0.16573033707865167,0.027655142971002463,0.16292134831460675,0.039325842696629226
99,571,0.16549027932565585,0.03886443162589567,0.16161616161616163,0.0505050505050505
241,470,0.16763485477178422,0.022693848685503587,0.16597510373443983,0.03319502074688796
107,865,0.16670088055750637,0.03556433175650571,0.16822429906542055,0.04672897196261683
15,73,0.165296803652968,0.08117072527228847,0.13333333333333333,0.06666666666666668
460,523,0.1669964253055117,0.01803102257309478,0.1673913043478261,0.02391304347826087
42,839,0.16567342073897498,0.05632646525948291,0.16666666666666666,0.09523809523809523
371,151,0.16713375341389836,0.01953199679265534,0.16711590296495957,0.026954177897574122
90,313,0.16673766418175365,0.03941145540575797,0.16666666666666666,0.04444444444444445
443,262,0.1680853996863853,0.018697412393281695,0.16591422121896163,0.024830699774266385
179,660,0.1664127306585407,0.02830654447885924,0.16759776536312848,0.039106145251396635
15,346,0.15048169556840077,0.09496691351063527,0.13333333333333333,0.13333333333333336
372,111,0.1657706093189964,0.01879239356479789,0.1639784946236559,0.02688172043010753
37,412,0.1685253214379428,0.05996544420743606,0.16216216216216217,0.08108108108108109
179,411,0.16793758240563283,0.02866879927336217,0.16759776536312848,0.04469273743016758
211,721,0.16611998869395456,0.02685217412974321,0.16587677725118483,0.037914691943127965
423,656,0.16665225162889927,0.019083381380888886,0.16784869976359337,0.026004728132387717
207,903,0.16763766510985925,0.026565923301875287,0.16908212560386474,0.03381642512077296
111,266,0.17069701280227595,0.03599902911618107,0.17117117117117117,0.05405405405405406
417,492,0.16602327893782537,0.019374893090016852,0.16546762589928057,0.028776978417266175
405,507,0.1671658509265347,0.019462403147731146,0.1654320987654321,0.024691358024691357
459,693,0.1662061008466237,0.01744496074328127,0.1655773420479303,0.023965141612200452
225,124,0.16881720430107525,0.023920643201147174,0.1688888888888889,0.026666666666666672
41,590,0.1691194708557255,0.05770406708568616,0.17073170731707318,0.07317073170731708
85,98,0.16266506602641054,0.036437095344000456,0.16470588235294117,0.047058823529411764
104,427,0.1637993154386597,0.038112247795667194,0.16346153846153846,0.05769230769230771
391,736,0.16594156566218168,0.018846443710449787,0.16624040920716113,0.025575447570332477
328,956,0.16683781508317175,0.020313875757166446,0.1676829268292683,0.0274390243902439
337,197,0.1670306827938363,0.020443468440511592,0.1661721068249258,0.029673590504451036
262,450,0.16687871077184055,0.023113429970373574,0.16412213740458015,0.03435114503816794
414,651,0.1660767158663372,0.01873403926273164,0.16666666666666666,0.026570048309178723
495,258,0.16746535118628142,0.017634231591623733,0.16767676767676767,0.025757575757575757
133,244,0.16297916923456185,0.030788646043857656,0.16541353383458646,0.03947368421052633
344,788,0.1661292940620942,0.01971978151376918,0.16569767441860464,0.02616279069767441
480,677,0.166014278680453,0.017382833878029882,0.16666666666666666,0.02291666666666667
486,85,0.1671023965141612,0.017353820453331954,0.16666666666666666,0.016460905349794247
453,734,0.16620952655923873,0.018264730072257,0.16556291390728478,0.02428256070640175
111,797,0.16590367029513833,0.03570605992097608,0.17117117117117117,0.04504504504504506
55,108,0.17171717171717174,0.05545445345984164,0.18181818181818182,0.0772727272727273
475,607,0.16680828925691496,0.017447453908809953,0.16631578947368422,0.0231578947368421
15,379,0.1646437994722955,0.09036886885770876,0.13333333333333333,0.06666666666666668
302,536,0.16652046061085302,0.021456630853482078,0.16887417218543047,0.02649006622516556
209,298,0.167640730869272,0.024884510616005582,0.1674641148325359,0.033492822966507185
93,196,0.16853192890059251,0.03805605704635643,0.17204301075268819,0.05376344086021506
258,207,0.16709732988802753,0.024529236357706125,0.17054263565891473,0.03294573643410853
169,738,0.16787735924696526,0.02839965320163066,0.16568047337278108,0.041420118343195256
167,416,0.16428201289728236,0.02925318537067955,0.16167664670658682,0.03742514970059882
246,780,0.1671669793621013,0.023516498496117557,0.16666666666666666,0.032520325203252015
461,154,0.16523931599853509,0.018351609635960296,0.1648590021691974,0.026030368763557465
40,307,0.16669381107491857,0.05948528458550383,0.175,0.07500000000000001
77,909,0.1672881573871673,0.042566427256393105,0.16883116883116883,0.051948051948051965
316,621,0.16580036282843108,0.02189088066597275,0.16455696202531644,0.028481012658227833
235,705,0.167116342236306,0.02452923288182606,0.16595744680851063,0.034042553191489355
484,905,0.16688507374092507,0.017294699658805413,0.16735537190082644,0.020661157024793375
352,619,0.16781557497429872,0.019998123027224177,0.16761363636363635,0.02840909090909091
181,400,0.16716850828729282,0.027364074643915742,0.16574585635359115,0.03314917127071823
65,735,0.16655154369440084,0.04403549173102179,0.16923076923076924,0.06153846153846154
384,828,0.16564764492753623,0.019391571755976885,0.1640625,0.026041666666666657
236,185,0.16433806688043975,0.02434605425499165,0.1652542372881356,0.033898305084745756
326,378,0.16747005550686533,0.020729820128564485,0.1656441717791411,0.02760736196319019
76,201,0.17196910185912542,0.0429236155695337,0.17105263157894737,0.05263157894736842
135,421,0.16514471716371956,0.030640530737000824,0.16296296296296298,0.044444444444444425
69,431,0.163690776421534,0.044979938862607594,0.15942028985507245,0.05797101449275363
332,485,0.16911563780896782,0.021032641606203217,0.1686746987951807,0.030120481927710857
282,357,0.16673619802530942,0.022676514205393822,0.16666666666666666,0.031914893617021295
257,753,0.16815746094739073,0.022494380260024278,0.16731517509727625,0.0311284046692607
25,210,0.16419047619047622,0.07587936481373013,0.16,0.08000000000000002
104,950,0.16838056680161942,0.03733336879841961,0.16346153846153846,0.0480769230769231
94,697,0.16407704752892335,0.03690089514345692,0.1595744680851064,0.05319148936170212
396,383,0.1654666772160245,0.01922461272907315,0.16414141414141414,0.02525252525252525
276,69,0.16908212560386474,0.021657294213657526,0.17391304347826086,0.03260869565217389
77,871,0.17029239417299116,0.042274346134496515,0.16883116883116883,0.051948051948051965
456,266,0.16601536736578287,0.01709474188973891,0.16447368421052633,0.02412280701754385
370,429,0.16632016632016633,0.018479850479086835,0.16486486486486487,0.024324324324324326
179,175,0.16635275339185954,0.025951453191257374,0.16759776536312848,0.03351955307262569
127,820,0.1674284616861917,0.03335350523956496,0.16535433070866143,0.047244094488188976
398,116,0.16574250563160633,0.01824684462488847,0.16457286432160806,0.025753768844221092
45,289,0.1713187235678585,0.0576288972189412,0.15555555555555556,0.08888888888888888
389,820,0.1671170606307605,0.018993826956051785,0.16709511568123395,0.025706940874035994
193,400,0.16751295336787564,0.026488848690390726,0.16580310880829016,0.03626943005181346
77,797,0.16708761752676435,0.042133327597097314,0.16883116883116883,0.051948051948051965
284,666,0.16550881867783276,0.020741253270479574,0.16549295774647887,0.02816901408450706
151,959,0.1673514767728525,0.030370817507738585,0.16556291390728478,0.03973509933774835
443,99,0.16633604669722052,0.018379748754524396,0.1670428893905192,0.022573363431151267
377,258,0.1681779861410976,0.020277844235836583,0.16710875331564987,0.025862068965517238
281,186,0.16888608273064706,0.023092867842521007,0.16725978647686832,0.03202846975088966
280,985,0.16615663524292965,0.022707681134456762,0.16428571428571428,0.03214285714285714
172,631,0.16750820034644162,0.02806996815078337,0.1686046511627907,0.034883720930232565
115,520,0.16780936454849496,0.03358471992406573,0.16521739130434782,0.052173913043478265
261,184,0.16829085457271364,0.02229601171921521,0.1685823754789272,0.03065134099616859
71,543,0.16494176847456749,0.04273755002349819,0.15492957746478872,0.056338028169014065
283,211,0.1670155577512435,0.022633905225542223,0.16607773851590105,0.028268551236749123
449,745,0.16535477795548648,0.01676451956625753,0.16481069042316257,0.02227171492204902
16,224,0.17243303571428573,0.10439743119820737,0.1875,0.1875
108,502,0.16587354286557474,0.036035116223717,0.16666666666666666,0.04629629629629628
36,410,0.16571815718157185,0.05972690079392065,0.16666666666666666,0.10416666666666666
75,527,0.16336495888678051,0.043570109835127976,0.16,0.053333333333333344
11,485,0.17300843486410497,0.11018239974550759,0.18181818181818182,0.1818181818181818
358,75,0.1684171322160149,0.02259532335099878,0.17039106145251395,0.03491620111731841
392,762,0.16642562536825756,0.018268612235365866,0.16581632653061223,0.025510204081632654
355,569,0.1657318250451744,0.018564087215578808,0.16619718309859155,0.02816901408450706
421,156,0.16866130702235216,0.01958073054082431,0.166270783847981,0.028503562945368183
82,523,0.1660448631254955,0.042599572956876934,0.15853658536585366,0.06097560975609756
16,246,0.17428861788617886,0.08883706671932055,0.1875,0.125
349,481,0.16617124066980798,0.018739182914581157,0.166189111747851,0.022922636103151872
114,912,0.16595490920283165,0.03551790243991606,0.16666666666666666,0.05263157894736842
105,741,0.1691279480753165,0.036570207188458034,0.17142857142857143,0.047619047619047616
146,251,0.16435627353599302,0.028778023523121306,0.1643835616438356,0.03424657534246575
313,959,0.16630409072283095,0.02118301828122329,0.16613418530351437,0.03194888178913738
152,750,0.16578947368421054,0.03059882495526028,0.16447368421052633,0.0394736842105263
290,492,0.16504765909728064,0.02152767147647154,0.16206896551724137,0.027586206896551724
87,266,0.16048742546020223,0.03868872933779291,0.16091954022988506,0.054597701149425276
167,874,0.16678085476643964,0.02899617780302811,0.16167664670658682,0.035928143712574856
411,141,0.16793497955169023,0.01936842690542094,0.1678832116788321,0.024330900243309
246,450,0.16935862691960255,0.024003756424312434,0.17073170731707318,0.032520325203252015
455,424,0.16698631557122126,0.0176750904187292,0.16703296703296702,0.02472527472527472
37,833,0.16787255442717627,0.06216388263080578,0.16216216216216217,0.08108108108108109
16,181,0.16332872928176795,0.09553753682497876,0.125,0.1875
137,899,0.16769646728319385,0.03154122238257391,0.1678832116788321,0.043795620437956206
309,507,0.16695071586781818,0.02150857129837333,0.16828478964401294,0.029126213592233025
181,797,0.16718079538601244,0.027401750920934057,0.16574585635359115,0.03314917127071823
383,324,0.1671662959739548,0.01966523500641744,0.1671018276762402,0.026109660574412552
89,983,0.1658646427469224,0.03986515922540659,0.16853932584269662,0.056179775280898875
236,110,0.16729583975346687,0.02694917566805838,0.1694915254237288,0.03813559322033899
75,170,0.1647843137254902,0.04402152491567706,0.16,0.06666666666666668
137,365,0.16692330766923308,0.031295662742695095,0.1678832116788321,0.043795620437956206
158,530,0.16796035347504182,0.02946608090486124,0.17088607594936708,0.03164556962025317
439,86,0.1684059967155798,0.017437470509157203,0.1662870159453303,0.0216400911161731
426,609,0.16625808490791494,0.018571382904784477,0.16666666666666666,0.023474178403755874
448,908,0.1671157174323474,0.016620861445231887,0.16741071428571427,0.022321428571428575
480,410,0.1663719512195122,0.017001774353051863,0.16666666666666666,0.02291666666666667
274,373,0.1706326686366216,0.02328357274782849,0.1678832116788321,0.03284671532846714
17,397,0.16328344939991107,0.08753103937730539,0.17647058823529413,0.11764705882352941
398,465,0.1659318095855622,0.01778033681795094,0.1658291457286432,0.022613065326633153
349,861,0.16598610930849383,0.01939251666182639,0.166189111747851,0.02578796561604585
436,560,0.16750081913499346,0.01798889777933085,0.16743119266055045,0.025229357798165153
208,303,0.16753935008885504,0.026400828468358867,0.16346153846153846,0.033653846153846145
422,926,0.16619153880011875,0.0174761199745064,0.16587677725118483,0.02369668246445497
380,855,0.16663896583564175,0.019152244080390398,0.16578947368421051,0.02631578947368421
191,476,0.1673632803906903,0.027291069486592406,0.16753926701570682,0.04188481675392672
392,872,0.16711816607376892,0.019194166216266503,0.16581632653061223,0.023596938775510196
354,311,0.1667302486965684,0.02065606315130027,0.16666666666666666,0.031073446327683607
170,459,0.16630783032167115,0.029821519175044865,0.16470588235294117,0.04411764705882354
152,573,0.16666666666666666,0.03177854265530002,0.16447368421052633,0.0394736842105263
437,376,0.1677662008861191,0.01808658648847186,0.16704805491990846,0.02288329519450802
252,133,0.16917293233082706,0.024853174344543327,0.16666666666666666,0.035714285714285726
87,234,0.16917182434423816,0.04054362814976162,0.1724137931034483,0.057471264367816105
336,224,0.1682876275510204,0.01984326074891079,0.16666666666666666,0.026785714285714274
67,527,0.16553853125265514,0.04508952259785635,0.16417910447761194,0.05970149253731344
493,589,0.16645257716692438,0.01688781336947021,0.1663286004056795,0.02434077079107505
79,360,0.16979606188466947,0.03974613307290785,0.16455696202531644,0.06329113924050633
347,616,0.16673060369025786,0.020519517442719612,0.16714697406340057,0.025936599423631135
181,251,0.16909158944333164,0.02728089280630291,0.1712707182320442,0.038674033149171255
135,850,0.16646623093681917,0.03157847689725923,0.16296296296296298,0.037037037037037035
26,88,0.1708916083916084,0.06783211150960101,0.15384615384615385,0.11538461538461539
357,901,0.1664101822749077,0.02000719975069666,0.16526610644257703,0.02521008403361344
271,364,0.16591987348444914,0.02192163950376739,0.16605166051660517,0.029520295202952018
182,738,0.16687513028976445,0.028672012045220456,0.16483516483516483,0.038461538461538464
113,712,0.16678681515362434,0.03596590590558123,0.168141592920354,0.04424778761061948
422,841,0.16552456734535165,0.017770665407512404,0.16350710900473933,0.02369668246445497
352,629,0.16602832779303367,0.019651448609768342,0.16477272727272727,0.02840909090909091
252,397,0.1653572428131622,0.024769549336132124,0.1626984126984127,0.0357142857142857
217,751,0.1660888400719164,0.025604238423437623,0.16589861751152074,0.036866359447004615
173,251,0.16362296478824587,0.030802214937093397,0.16184971098265896,0.04335260115606934
401,170,0.16623148012322136,0.019480886726391644,0.16458852867830423,0.027431421446384052
302,911,0.16610449182544468,0.021122671861940633,0.16556291390728478,0.02649006622516556
57,989,0.16635623436751637,0.050018009124155514,0.15789473684210525,0.05263157894736842
80,113,0.17046460176991152,0.03817830297121347,0.175,0.05000000000000002
203,772,0.1670410168712831,0.026682473508498842,0.16748768472906403,0.03448275862068964
227,238,0.16575352608003555,0.02432348930643865,0.16299559471365638,0.030837004405286333
384,344,0.16802931201550386,0.019483657875660625,0.16666666666666666,0.026041666666666657
13,528,0.1660839160839161,0.0977510906670836,0.15384615384615385,0.15384615384615385
378,696,0.16691373228729547,0.0188998330511526,0.16666666666666666,0.026455026455026454
111,801,0.16526638998549112,0.034464999182241204,0.16216216216216217,0.04504504504504506
362,75,0.16523020257826887,0.016281592874876023,0.16298342541436464,0.02348066298342541
175,270,0.16933333333333334,0.02855173924753021,0.17142857142857143,0.04000000000000001
493,53,0.1668261318841134,0.015780456186842068,0.1643002028397566,0.02028397565922921
55,340,0.16347593582887698,0.05240889986479564,0.16363636363636364,0.07272727272727275
369,61,0.16651117330845439,0.020377852287968786,0.16802168021680217,0.029810298102981025
491,402,0.16724929324862448,0.01657838322830105,0.1670061099796334,0.02036659877800409
77,620,0.16675743611227484,0.04282981424022187,0.16883116883116883,0.051948051948051965
402,291,0.1667692465507514,0.019051883534169135,0.16666666666666666,0.02487562189054726
195,664,0.1666434970651838,0.026189671234569216,0.1641025641025641,0.03589743589743591
113,994,0.16523031997293494,0.03471435869325884,0.168141592920354,0.04424778761061948
149,472,0.16533955181435558,0.029269555998157615,0.1610738255033557,0.03355704697986575
106,91,0.16711590296495957,0.034550555826569684,0.16981132075471697,0.047169811320754734
409,209,0.16694938056410197,0.017755812048216614,0.16625916870415647,0.02444987775061125
287,809,0.16685545453370834,0.022427191043550065,0.1672473867595819,0.027874564459930334
460,987,0.1670697326108982,0.017360221116206716,0.1673913043478261,0.022826086956521746
130,172,0.16663685152057245,0.0317944250118803,0.16923076923076924,0.038461538461538464
58,611,0.16860432304306114,0.04908009577523062,0.1724137931034483,0.06896551724137931
212,261,0.16822092098604785,0.024878377357960287,0.16981132075471697,0.033018867924528295
214,459,0.16780689430497017,0.024565799352624887,0.16822429906542055,0.03738317757009346
275,252,0.1683116883116883,0.022424743847709174,0.16727272727272727,0.029090909090909084
489,628,0.16665364125408672,0.016928247585212972,0.1656441717791411,0.02300613496932516
50,331,0.1688821752265861,0.04733011933085125,0.16,0.06
44,683,0.16321709037668042,0.05392779668296957,0.1590909090909091,0.0681818181818182
296,339,0.16674639241010922,0.021758505955786118,0.16554054054054054,0.0304054054054054
482,221,0.1666604081785922,0.01850449403163123,0.16597510373443983,0.02489626556016597
421,216,0.1644893111638955,0.018453193385429695,0.16389548693586697,0.02375296912114014
291,301,0.16352136635042414,0.02144409675180855,0.16494845360824742,0.030927835051546393
229,280,0.16600124766063631,0.02485077225823495,0.16593886462882096,0.034934497816593885
323,536,0.16733284044175406,0.021124750929369114,0.16718266253869968,0.02786377708978327
209,269,0.1686202664484801,0.027058888180881792,0.1674641148325359,0.038277511961722493
264,158,0.16757767548906788,0.021212080027233925,0.16666666666666666,0.030303030303030304
409,368,0.16864436058254492,0.018699161917589337,0.1687041564792176,0.02444987775061125
43,808,0.16500690766751092,0.05481920003078299,0.16279069767441862,0.0930232558139535
429,486,0.16671462967759262,0.018375423218242797,0.1655011655011655,0.025641025641025633
137,708,0.1691513052084622,0.0305985938143544,0.1678832116788321,0.043795620437956206
71,457,0.16762720744598886,0.043436701342863274,0.16901408450704225,0.056338028169014065
476,530,0.16621610908514348,0.016654293138363644,0.16596638655462184,0.023109243697478993
126,741,0.16584195531563953,0.03323853606848813,0.16666666666666666,0.047619047619047616
77,453,0.1678850950374129,0.04198572321901789,0.16883116883116883,0.051948051948051965
281,900,0.16619217081850535,0.022752620172923097,0.16725978647686832,0.03202846975088969
337,114,0.16598990056744234,0.01809796736509569,0.1632047477744807,0.020771513353115723
331,807,0.16546307423338838,0.021035605658773465,0.1661631419939577,0.030211480362537763
285,216,0.1670077972709552,0.021552912144707385,0.16842105263157894,0.02894736842105264
318,436,0.16578674052276268,0.019995370748652375,0.16352201257861634,0.028301886792452824
322,592,0.16747628840020146,0.0219323251514,0.16770186335403728,0.031055900621118016
164,992,0.16685311762391816,0.029139920905869966,0.16463414634146342,0.03658536585365854
104,831,0.1667245209663982,0.035847827585816214,0.16346153846153846,0.04326923076923078
80,487,0.1670431211498973,0.04158788952749136,0.1625,0.0625
479,407,0.16694280159833397,0.01721781054882956,0.16701461377870563,0.022964509394572036
161,209,0.1657998751820262,0.028822167069554924,0.16770186335403728,0.0372670807453416
464,906,0.16522274872497525,0.01734459526007535,0.16594827586206898,0.023706896551724144
486,694,0.16643244268924703,0.017237892829508945,0.16666666666666666,0.024691358024691357
321,151,0.16409812052567513,0.021206329922531176,0.16199376947040497,0.028037383177570097
160,263,0.1657557034220532,0.028813357461972965,0.16875,0.03125
107,549,0.16463238173058917,0.038386650426930666,0.1588785046728972,0.04672897196261683
254,852,0.16780802927803037,0.0227863060288835,0.16535433070866143,0.027559055118110243
225,824,0.16668824163969798,0.02462227196461795,0.16444444444444445,0.031111111111111117
94,529,0.16783976189518562,0.039126385040671015,0.1702127659574468,0.05319148936170212
330,137,0.1633045786330458,0.02094878354922067,0.16363636363636364,0.024242424242424232
318,728,0.16722389245974154,0.02019157298260351,0.16666666666666666,0.02594339622641509
248,569,0.16537927320142864,0.023349634729327346,0.16532258064516128,0.03225806451612903
102,386,0.16737783196180023,0.034636832753430026,0.16666666666666666,0.04656862745098039
113,192,0.16657448377581122,0.03815959730805326,0.168141592920354,0.05309734513274336
122,698,0.16684672835736766,0.03383279018312065,0.16393442622950818,0.04098360655737704
202,773,0.16528761543683473,0.025926440752711236,0.16336633663366337,0.034653465346534656
